,MONTH(Date)-value,MONTH(Date)-alias,Category Type-alias,SUM(Pivot1 Values)-value,SUM(Pivot1 Values)-alias,YEAR(Date)-alias,ATTR(Record Date (copy))-alias
0,1,J,Other Outcome,27334,27334,2020,Jan 2020
1,2,F,Other Outcome,25637,25637,2020,Feb 2020
2,3,M,Other Outcome,24735,24735,2020,Mar 2020
3,4,A,Other Outcome,16072,16072,2020,Apr 2020
4,5,M,Other Outcome,21071,21071,2020,May 2020
5,6,J,Other Outcome,27937,27937,2020,Jun 2020
6,7,J,Other Outcome,29092,29092,2020,Jul 2020
7,8,A,Other Outcome,27020,27020,2020,Aug 2020
8,9,S,Other Outcome,26782,26782,2020,Sep 2020
9,10,O,Other Outcome,27529,27529,2020,Oct 2020
10,11,N,Other Outcome,21980,21980,2020,Nov 2020
11,12,D,Other Outcome,18737,18737,2020,Dec 2020
12,1,J,Other Outcome,32596,32596,2019,Jan 2019
13,2,F,Other Outcome,27679,27679,2019,Feb 2019
14,3,M,Other Outcome,33193,33193,2019,Mar 2019
15,4,A,Other Outcome,38008,38008,2019,Apr 2019
16,5,M,Other Outcome,51623,51623,2019,May 2019
17,6,J,Other Outcome,58404,58404,2019,Jun 2019
18,7,J,Other Outcome,57297,57297,2019,Jul 2019
19,8,A,Other Outcome,52890,52890,2019,Aug 2019
20,9,S,Other Outcome,46276,46276,2019,Sep 2019
21,10,O,Other Outcome,47129,47129,2019,Oct 2019
22,11,N,Other Outcome,37036,37036,2019,Nov 2019
23,12,D,Other Outcome,29307,29307,2019,Dec 2019
