,MONTH(Date)-value,MONTH(Date)-alias,Category Type-alias,SUM(Pivot1 Values)-value,SUM(Pivot1 Values)-alias,YEAR(Date)-alias,ATTR(Record Date (copy))-alias
0,1,J,Intake,248694,248694,2019,Jan 2019
1,2,F,Intake,223928,223928,2019,Feb 2019
2,3,M,Intake,266243,266243,2019,Mar 2019
3,4,A,Intake,291269,291269,2019,Apr 2019
4,5,M,Intake,347016,347016,2019,May 2019
5,6,J,Intake,341615,341615,2019,Jun 2019
6,7,J,Intake,336472,336472,2019,Jul 2019
7,8,A,Intake,335736,335736,2019,Aug 2019
8,9,S,Intake,305242,305242,2019,Sep 2019
9,10,O,Intake,312245,312245,2019,Oct 2019
10,11,N,Intake,259126,259126,2019,Nov 2019
11,12,D,Intake,237759,237759,2019,Dec 2019
12,1,J,Intake,251963,251963,2020,Jan 2020
13,2,F,Intake,234835,234835,2020,Feb 2020
14,3,M,Intake,202956,202956,2020,Mar 2020
15,4,A,Intake,143905,143905,2020,Apr 2020
16,5,M,Intake,217158,217158,2020,May 2020
17,6,J,Intake,256324,256324,2020,Jun 2020
18,7,J,Intake,254739,254739,2020,Jul 2020
19,8,A,Intake,253381,253381,2020,Aug 2020
20,9,S,Intake,254207,254207,2020,Sep 2020
21,10,O,Intake,254828,254828,2020,Oct 2020
22,11,N,Intake,202425,202425,2020,Nov 2020
23,12,D,Intake,191748,191748,2020,Dec 2020
