,MONTH(Date)-value,MONTH(Date)-alias,Category Type-alias,SUM(Pivot1 Values)-value,SUM(Pivot1 Values)-alias,YEAR(Date)-alias,ATTR(Record Date (copy))-alias
0,1,J,Live Outcome,222446,222446,2019,Jan 2019
1,2,F,Live Outcome,203901,203901,2019,Feb 2019
2,3,M,Live Outcome,226257,226257,2019,Mar 2019
3,4,A,Live Outcome,214921,214921,2019,Apr 2019
4,5,M,Live Outcome,242416,242416,2019,May 2019
5,6,J,Live Outcome,268037,268037,2019,Jun 2019
6,7,J,Live Outcome,278818,278818,2019,Jul 2019
7,8,A,Live Outcome,295760,295760,2019,Aug 2019
8,9,S,Live Outcome,257219,257219,2019,Sep 2019
9,10,O,Live Outcome,269054,269054,2019,Oct 2019
10,11,N,Live Outcome,254370,254370,2019,Nov 2019
11,12,D,Live Outcome,252602,252602,2019,Dec 2019
12,1,J,Live Outcome,235257,235257,2020,Jan 2020
13,2,F,Live Outcome,218961,218961,2020,Feb 2020
14,3,M,Live Outcome,196628,196628,2020,Mar 2020
15,4,A,Live Outcome,125462,125462,2020,Apr 2020
16,5,M,Live Outcome,161998,161998,2020,May 2020
17,6,J,Live Outcome,201162,201162,2020,Jun 2020
18,7,J,Live Outcome,223710,223710,2020,Jul 2020
19,8,A,Live Outcome,225880,225880,2020,Aug 2020
20,9,S,Live Outcome,216885,216885,2020,Sep 2020
21,10,O,Live Outcome,232522,232522,2020,Oct 2020
22,11,N,Live Outcome,204309,204309,2020,Nov 2020
23,12,D,Live Outcome,209696,209696,2020,Dec 2020
