,Category Type-value,Category Type-alias,Category Type-[federated.1spi5k40jwz34d19f38px08jh2jm].[none:Category Type:nk]-value,Category Type-[federated.1spi5k40jwz34d19f38px08jh2jm].[none:Category Type:nk]-alias,Category-value,Category-alias,Category-[federated.1spi5k40jwz34d19f38px08jh2jm].[none:Category:nk]-value,Category-[federated.1spi5k40jwz34d19f38px08jh2jm].[none:Category:nk]-alias,SUM(Label Values)-alias,SUM(Label Values)-[federated.1spi5k40jwz34d19f38px08jh2jm].[sum:Pivot1 Values (copy)_2741284853603893248:qk]-alias,SUM(Pivot1 Values)-value,SUM(Pivot1 Values)-alias,SUM(Pivot1 Values)-[federated.1spi5k40jwz34d19f38px08jh2jm].[sum:Pivot1 Values:qk]-value,SUM(Pivot1 Values)-[federated.1spi5k40jwz34d19f38px08jh2jm].[sum:Pivot1 Values:qk]-alias,YEAR(Date)-alias,YEAR(Date)-[federated.1spi5k40jwz34d19f38px08jh2jm].[yr:Date:ok]-alias,SUM(Pivot1 Values)-[federated.1spi5k40jwz34d19f38px08jh2jm].[pcdf:sum:Pivot1 Values:qk:8]-alias
0,Intake,Intake,Intake,Intake,Owner-Intended Euthanasia,Owner-Intended Euthanasia,Owner-Intended Euthanasia,Owner-Intended Euthanasia,62173,81451,62173,62173,81451,81451,2020,2019,
1,Intake,Intake,Intake,Intake,Owner-Intended Euthanasia,Owner-Intended Euthanasia,Other Intake,Other Intake,81451,256506,81451,81451,256506,256506,2019,2019,
2,Intake,Intake,Intake,Intake,Other Intake,Other Intake,Transfer In,Transfer In,205227,563669,205227,205227,563669,563669,2020,2019,
3,Intake,Intake,Intake,Intake,Other Intake,Other Intake,Relinquish by Owner,Relinquish by Owner,256506,859668,256506,256506,859668,859668,2019,2019,
4,Intake,Intake,Intake,Intake,Transfer In,Transfer In,Stray,Stray,516837,1744051,516837,516837,1744051,1744051,2020,2019,
5,Intake,Intake,Intake,Intake,Transfer In,Transfer In,Owner-Intended Euthanasia,Owner-Intended Euthanasia,563669,62173,563669,563669,62173,62173,2019,2020,▽24%
6,Intake,Intake,Intake,Intake,Relinquish by Owner,Relinquish by Owner,Other Intake,Other Intake,660569,205227,660569,660569,205227,205227,2020,2020,▽20%
7,Intake,Intake,Intake,Intake,Relinquish by Owner,Relinquish by Owner,Transfer In,Transfer In,859668,516837,859668,859668,516837,516837,2019,2020,▽8%
8,Intake,Intake,Intake,Intake,Stray,Stray,Relinquish by Owner,Relinquish by Owner,1273663,660569,1273663,1273663,660569,660569,2020,2020,▽23%
9,Intake,Intake,Intake,Intake,Stray,Stray,Stray,Stray,1744051,1273663,1744051,1744051,1273663,1273663,2019,2020,▽27%
10,Live Outcome,Live Outcome,Live Outcome,Live Outcome,Other Live Outcome,Other Live Outcome,Other Live Outcome,Other Live Outcome,37173,47653,37173,37173,47653,47653,2020,2019,
11,Live Outcome,Live Outcome,Live Outcome,Live Outcome,Other Live Outcome,Other Live Outcome,Return to Field,Return to Field,47653,124839,47653,47653,124839,124839,2019,2019,
12,Live Outcome,Live Outcome,Live Outcome,Live Outcome,Return to Field,Return to Field,Return to Owner,Return to Owner,100950,370123,100950,100950,370123,370123,2020,2019,
13,Live Outcome,Live Outcome,Live Outcome,Live Outcome,Return to Field,Return to Field,Transfer Out,Transfer Out,124839,511143,124839,124839,511143,511143,2019,2019,
14,Live Outcome,Live Outcome,Live Outcome,Live Outcome,Return to Owner,Return to Owner,Adoption,Adoption,273270,1932043,273270,273270,1932043,1932043,2020,2019,
15,Live Outcome,Live Outcome,Live Outcome,Live Outcome,Return to Owner,Return to Owner,Other Live Outcome,Other Live Outcome,370123,37173,370123,370123,37173,37173,2019,2020,▽22%
16,Live Outcome,Live Outcome,Live Outcome,Live Outcome,Transfer Out,Transfer Out,Return to Field,Return to Field,438804,100950,438804,438804,100950,100950,2020,2020,▽19%
17,Live Outcome,Live Outcome,Live Outcome,Live Outcome,Transfer Out,Transfer Out,Return to Owner,Return to Owner,511143,273270,511143,511143,273270,273270,2019,2020,▽26%
18,Live Outcome,Live Outcome,Live Outcome,Live Outcome,Adoption,Adoption,Transfer Out,Transfer Out,1602273,438804,1602273,1602273,438804,438804,2020,2020,▽14%
19,Live Outcome,Live Outcome,Live Outcome,Live Outcome,Adoption,Adoption,Adoption,Adoption,1932043,1602273,1932043,1932043,1602273,1602273,2019,2020,▽17%
20,Other Outcome,Other Outcome,Other Outcome,Other Outcome,Lost,Lost,Lost,Lost,6638,8489,6638,6638,8489,8489,2020,2019,
21,Other Outcome,Other Outcome,Other Outcome,Other Outcome,Lost,Lost,Died in Care,Died in Care,8489,64978,8489,8489,64978,64978,2019,2019,
22,Other Outcome,Other Outcome,Other Outcome,Other Outcome,Died in Care,Died in Care,Owner-Intended Euthanasia Outcome,Owner-Intended Euthanasia ,44986,76761,44986,44986,76761,76761,2020,2019,
23,Other Outcome,Other Outcome,Other Outcome,Other Outcome,Died in Care,Died in Care,Shelter Euthanasia,Shelter Euthanasia,64978,361210,64978,64978,361210,361210,2019,2019,
24,Other Outcome,Other Outcome,Other Outcome,Other Outcome,Owner-Intended Euthanasia Outcome,Owner-Intended Euthanasia ,Lost,Lost,57215,6638,57215,57215,6638,6638,2020,2020,▽22%
25,Other Outcome,Other Outcome,Other Outcome,Other Outcome,Owner-Intended Euthanasia Outcome,Owner-Intended Euthanasia ,Died in Care,Died in Care,76761,44986,76761,76761,44986,44986,2019,2020,▽31%
26,Other Outcome,Other Outcome,Other Outcome,Other Outcome,Shelter Euthanasia,Shelter Euthanasia,Owner-Intended Euthanasia Outcome,Owner-Intended Euthanasia ,185087,57215,185087,185087,57215,57215,2020,2020,▽25%
27,Other Outcome,Other Outcome,Other Outcome,Other Outcome,Shelter Euthanasia,Shelter Euthanasia,Shelter Euthanasia,Shelter Euthanasia,361210,185087,361210,361210,185087,185087,2019,2020,▽49%
