state,county,FIPS,date,confirmed_cases
Ohio,Franklin,39049.0,1/22/20,0
Ohio,Franklin,39049.0,1/23/20,0
Ohio,Franklin,39049.0,1/24/20,0
Ohio,Franklin,39049.0,1/25/20,0
Ohio,Franklin,39049.0,1/26/20,0
Ohio,Franklin,39049.0,1/27/20,0
Ohio,Franklin,39049.0,1/28/20,0
Ohio,Franklin,39049.0,1/29/20,0
Ohio,Franklin,39049.0,1/30/20,0
Ohio,Franklin,39049.0,1/31/20,0
Ohio,Franklin,39049.0,2/1/20,0
Ohio,Franklin,39049.0,2/2/20,0
Ohio,Franklin,39049.0,2/3/20,0
Ohio,Franklin,39049.0,2/4/20,0
Ohio,Franklin,39049.0,2/5/20,0
Ohio,Franklin,39049.0,2/6/20,0
Ohio,Franklin,39049.0,2/7/20,0
Ohio,Franklin,39049.0,2/8/20,0
Ohio,Franklin,39049.0,2/9/20,0
Ohio,Franklin,39049.0,2/10/20,0
Ohio,Franklin,39049.0,2/11/20,0
Ohio,Franklin,39049.0,2/12/20,0
Ohio,Franklin,39049.0,2/13/20,0
Ohio,Franklin,39049.0,2/14/20,0
Ohio,Franklin,39049.0,2/15/20,0
Ohio,Franklin,39049.0,2/16/20,0
Ohio,Franklin,39049.0,2/17/20,0
Ohio,Franklin,39049.0,2/18/20,0
Ohio,Franklin,39049.0,2/19/20,0
Ohio,Franklin,39049.0,2/20/20,0
Ohio,Franklin,39049.0,2/21/20,0
Ohio,Franklin,39049.0,2/22/20,0
Ohio,Franklin,39049.0,2/23/20,0
Ohio,Franklin,39049.0,2/24/20,0
Ohio,Franklin,39049.0,2/25/20,0
Ohio,Franklin,39049.0,2/26/20,0
Ohio,Franklin,39049.0,2/27/20,0
Ohio,Franklin,39049.0,2/28/20,0
Ohio,Franklin,39049.0,2/29/20,0
Ohio,Franklin,39049.0,3/1/20,0
Ohio,Franklin,39049.0,3/2/20,0
Ohio,Franklin,39049.0,3/3/20,0
Ohio,Franklin,39049.0,3/4/20,0
Ohio,Franklin,39049.0,3/5/20,0
Ohio,Franklin,39049.0,3/6/20,0
Ohio,Franklin,39049.0,3/7/20,0
Ohio,Franklin,39049.0,3/8/20,0
Ohio,Franklin,39049.0,3/9/20,0
Ohio,Franklin,39049.0,3/10/20,0
Ohio,Franklin,39049.0,3/11/20,0
Ohio,Franklin,39049.0,3/12/20,0
Ohio,Franklin,39049.0,3/13/20,0
Ohio,Franklin,39049.0,3/14/20,1
Ohio,Franklin,39049.0,3/15/20,3
Ohio,Franklin,39049.0,3/16/20,3
Ohio,Franklin,39049.0,3/17/20,4
Ohio,Franklin,39049.0,3/18/20,7
Ohio,Franklin,39049.0,3/19/20,10
Ohio,Franklin,39049.0,3/20/20,14
Ohio,Franklin,39049.0,3/21/20,21
Ohio,Franklin,39049.0,3/22/20,34
Ohio,Franklin,39049.0,3/23/20,44
Ohio,Franklin,39049.0,3/24/20,75
Ohio,Franklin,39049.0,3/25/20,88
Ohio,Franklin,39049.0,3/26/20,109
Ohio,Franklin,39049.0,3/27/20,152
Ohio,Franklin,39049.0,3/28/20,222
Ohio,Franklin,39049.0,3/29/20,247
Ohio,Franklin,39049.0,3/30/20,281
Ohio,Franklin,39049.0,3/31/20,325
Ohio,Franklin,39049.0,4/1/20,391
Ohio,Franklin,39049.0,4/2/20,441
Ohio,Franklin,39049.0,4/3/20,503
Ohio,Franklin,39049.0,4/4/20,557
Ohio,Franklin,39049.0,4/5/20,597
Ohio,Franklin,39049.0,4/6/20,644
Ohio,Franklin,39049.0,4/7/20,703
Ohio,Franklin,39049.0,4/8/20,761
Ohio,Franklin,39049.0,4/9/20,802
Ohio,Franklin,39049.0,4/10/20,850
Ohio,Franklin,39049.0,4/11/20,894
Ohio,Franklin,39049.0,4/12/20,943
Ohio,Franklin,39049.0,4/13/20,1012
Ohio,Franklin,39049.0,4/14/20,1053
Ohio,Franklin,39049.0,4/15/20,1102
Ohio,Franklin,39049.0,4/16/20,1212
Ohio,Franklin,39049.0,4/17/20,1320
Ohio,Franklin,39049.0,4/18/20,1403
Ohio,Franklin,39049.0,4/19/20,1513
Ohio,Franklin,39049.0,4/20/20,1510
Ohio,Franklin,39049.0,4/21/20,1557
Ohio,Franklin,39049.0,4/22/20,1598
Ohio,Franklin,39049.0,4/23/20,1673
Ohio,Franklin,39049.0,4/24/20,1768
Ohio,Franklin,39049.0,4/25/20,1839
Ohio,Franklin,39049.0,4/26/20,1942
Ohio,Franklin,39049.0,4/27/20,2005
Ohio,Franklin,39049.0,4/28/20,2090
Ohio,Franklin,39049.0,4/29/20,2216
Ohio,Franklin,39049.0,4/30/20,2441
Ohio,Franklin,39049.0,5/1/20,2589
Ohio,Franklin,39049.0,5/2/20,2698
Ohio,Franklin,39049.0,5/3/20,2905
Ohio,Franklin,39049.0,5/4/20,2988
Ohio,Franklin,39049.0,5/5/20,3097
Ohio,Franklin,39049.0,5/6/20,3237
Ohio,Franklin,39049.0,5/7/20,3377
Ohio,Franklin,39049.0,5/8/20,3615
Ohio,Franklin,39049.0,5/9/20,3710
Ohio,Franklin,39049.0,5/10/20,3777
Ohio,Franklin,39049.0,5/11/20,3881
Ohio,Franklin,39049.0,5/12/20,4002
Ohio,Franklin,39049.0,5/13/20,4113
Ohio,Franklin,39049.0,5/14/20,4227
Ohio,Franklin,39049.0,5/15/20,4330
Ohio,Franklin,39049.0,5/16/20,4420
Ohio,Franklin,39049.0,5/17/20,4493
Ohio,Franklin,39049.0,5/18/20,4574
Ohio,Franklin,39049.0,5/19/20,4706
Ohio,Franklin,39049.0,5/20/20,4793
Ohio,Franklin,39049.0,5/21/20,4885
Ohio,Franklin,39049.0,5/22/20,4996
Ohio,Franklin,39049.0,5/23/20,5097
Ohio,Franklin,39049.0,5/24/20,5188
Ohio,Franklin,39049.0,5/25/20,5310
Ohio,Franklin,39049.0,5/26/20,5414
Ohio,Franklin,39049.0,5/27/20,5486
Ohio,Franklin,39049.0,5/28/20,5566
Ohio,Franklin,39049.0,5/29/20,5674
Ohio,Franklin,39049.0,5/30/20,5773
Ohio,Franklin,39049.0,5/31/20,5862
Ohio,Franklin,39049.0,6/1/20,5933
Ohio,Franklin,39049.0,6/2/20,5996
Ohio,Franklin,39049.0,6/3/20,6112
Ohio,Franklin,39049.0,6/4/20,6216
Ohio,Franklin,39049.0,6/5/20,6323
Ohio,Franklin,39049.0,6/6/20,6406
Ohio,Franklin,39049.0,6/7/20,6512
Ohio,Franklin,39049.0,6/8/20,6586
Ohio,Franklin,39049.0,6/9/20,6667
Ohio,Franklin,39049.0,6/10/20,6741
Ohio,Franklin,39049.0,6/11/20,6844
Ohio,Franklin,39049.0,6/12/20,6918
Ohio,Franklin,39049.0,6/13/20,7030
Ohio,Franklin,39049.0,6/14/20,7076
Ohio,Franklin,39049.0,6/15/20,7202
Ohio,Franklin,39049.0,6/16/20,7289
Ohio,Franklin,39049.0,6/17/20,7365
Ohio,Franklin,39049.0,6/18/20,7487
Ohio,Franklin,39049.0,6/19/20,7590
Ohio,Franklin,39049.0,6/20/20,7694
Ohio,Franklin,39049.0,6/21/20,7794
Ohio,Franklin,39049.0,6/22/20,7915
Ohio,Franklin,39049.0,6/23/20,8029
Ohio,Franklin,39049.0,6/24/20,8144
Ohio,Franklin,39049.0,6/25/20,8310
Ohio,Franklin,39049.0,6/26/20,8511
Ohio,Franklin,39049.0,6/27/20,8694
Ohio,Franklin,39049.0,6/28/20,8840
Ohio,Franklin,39049.0,6/29/20,8982
Ohio,Franklin,39049.0,6/30/20,9148
Ohio,Franklin,39049.0,7/1/20,9338
Ohio,Franklin,39049.0,7/2/20,9338
Ohio,Franklin,39049.0,7/3/20,9825
Ohio,Franklin,39049.0,7/4/20,10023
Ohio,Franklin,39049.0,7/5/20,10271
Ohio,Franklin,39049.0,7/6/20,10410
Ohio,Franklin,39049.0,7/7/20,10587
Ohio,Franklin,39049.0,7/8/20,10879
Ohio,Franklin,39049.0,7/9/20,11122
Ohio,Franklin,39049.0,7/10/20,11433
Ohio,Franklin,39049.0,7/11/20,11724
Ohio,Franklin,39049.0,7/12/20,12035
Ohio,Franklin,39049.0,7/13/20,12301
Ohio,Franklin,39049.0,7/14/20,12574
Ohio,Franklin,39049.0,7/15/20,12823
Ohio,Franklin,39049.0,7/16/20,13099
Ohio,Franklin,39049.0,7/17/20,13412
Ohio,Franklin,39049.0,7/18/20,13778
Ohio,Franklin,39049.0,7/19/20,14001
Ohio,Franklin,39049.0,7/20/20,14246
Ohio,Franklin,39049.0,7/21/20,14432
Ohio,Franklin,39049.0,7/22/20,14736
Ohio,Franklin,39049.0,7/23/20,14993
Ohio,Franklin,39049.0,7/24/20,15301
Ohio,Franklin,39049.0,7/25/20,15548
Ohio,Franklin,39049.0,7/26/20,15682
Ohio,Franklin,39049.0,7/27/20,15862
Ohio,Franklin,39049.0,7/28/20,16042
Ohio,Franklin,39049.0,7/29/20,16311
Ohio,Franklin,39049.0,7/30/20,16630
Ohio,Franklin,39049.0,7/31/20,16842
Ohio,Franklin,39049.0,8/1/20,16952
Ohio,Franklin,39049.0,8/2/20,17107
Ohio,Franklin,39049.0,8/3/20,17254
Ohio,Franklin,39049.0,8/4/20,17404
Ohio,Franklin,39049.0,8/5/20,17619
Ohio,Franklin,39049.0,8/6/20,17834
Ohio,Franklin,39049.0,8/7/20,18006
Ohio,Franklin,39049.0,8/8/20,18182
Ohio,Franklin,39049.0,8/9/20,18317
Ohio,Franklin,39049.0,8/10/20,18483
Ohio,Franklin,39049.0,8/11/20,18697
Ohio,Franklin,39049.0,8/12/20,18965
Ohio,Franklin,39049.0,8/13/20,19124
Ohio,Franklin,39049.0,8/14/20,19287
Ohio,Franklin,39049.0,8/15/20,19437
Ohio,Franklin,39049.0,8/16/20,19553
Ohio,Franklin,39049.0,8/17/20,19683
Ohio,Franklin,39049.0,8/18/20,19818
Ohio,Franklin,39049.0,8/19/20,19980
Ohio,Franklin,39049.0,8/20/20,20150
Ohio,Franklin,39049.0,8/21/20,20316
Ohio,Franklin,39049.0,8/22/20,20443
Ohio,Franklin,39049.0,8/23/20,20534
Ohio,Franklin,39049.0,8/24/20,20659
Ohio,Franklin,39049.0,8/25/20,20794
Ohio,Franklin,39049.0,8/26/20,20954
Ohio,Franklin,39049.0,8/27/20,21133
Ohio,Franklin,39049.0,8/28/20,21320
Ohio,Franklin,39049.0,8/29/20,21497
Ohio,Franklin,39049.0,8/30/20,21619
Ohio,Franklin,39049.0,8/31/20,21785
Ohio,Franklin,39049.0,9/1/20,22005
Ohio,Franklin,39049.0,9/2/20,22161
Ohio,Franklin,39049.0,9/3/20,22392
Ohio,Franklin,39049.0,9/4/20,22629
Ohio,Franklin,39049.0,9/5/20,22935
Ohio,Franklin,39049.0,9/6/20,23099
Ohio,Franklin,39049.0,9/7/20,23295
Ohio,Franklin,39049.0,9/8/20,23477
Ohio,Franklin,39049.0,9/9/20,23763
Ohio,Franklin,39049.0,9/10/20,23994
Ohio,Franklin,39049.0,9/11/20,24144
Ohio,Franklin,39049.0,9/12/20,24419
Ohio,Franklin,39049.0,9/13/20,24590
Ohio,Franklin,39049.0,9/14/20,24832
Ohio,Franklin,39049.0,9/15/20,25067
Ohio,Franklin,39049.0,9/16/20,25274
Ohio,Franklin,39049.0,9/17/20,25445
Ohio,Franklin,39049.0,9/18/20,25658
Ohio,Franklin,39049.0,9/19/20,25846
Ohio,Franklin,39049.0,9/20/20,25977
Ohio,Franklin,39049.0,9/21/20,26134
Ohio,Franklin,39049.0,9/22/20,26242
Ohio,Franklin,39049.0,9/23/20,26393
Ohio,Franklin,39049.0,9/24/20,26545
Ohio,Franklin,39049.0,9/25/20,26704
Ohio,Franklin,39049.0,9/26/20,26872
Ohio,Franklin,39049.0,9/27/20,26961
Ohio,Franklin,39049.0,9/28/20,27119
Ohio,Franklin,39049.0,9/29/20,27283
Ohio,Franklin,39049.0,9/30/20,27424
Ohio,Franklin,39049.0,10/1/20,27600
Ohio,Franklin,39049.0,10/2/20,27770
Ohio,Franklin,39049.0,10/3/20,27908
Ohio,Franklin,39049.0,10/4/20,28014
Ohio,Franklin,39049.0,10/5/20,28131
Ohio,Franklin,39049.0,10/6/20,28291
Ohio,Franklin,39049.0,10/7/20,28520
Ohio,Franklin,39049.0,10/8/20,28661
Ohio,Franklin,39049.0,10/9/20,28841
Ohio,Franklin,39049.0,10/10/20,29005
Ohio,Franklin,39049.0,10/11/20,29141
Ohio,Franklin,39049.0,10/12/20,29327
Ohio,Franklin,39049.0,10/13/20,29507
Ohio,Franklin,39049.0,10/14/20,29698
Ohio,Franklin,39049.0,10/15/20,29901
Ohio,Franklin,39049.0,10/16/20,30157
Ohio,Franklin,39049.0,10/17/20,30401
Ohio,Franklin,39049.0,10/18/20,30590
Ohio,Franklin,39049.0,10/19/20,30777
Ohio,Franklin,39049.0,10/20/20,30978
Ohio,Franklin,39049.0,10/21/20,31221
Ohio,Franklin,39049.0,10/22/20,31466
Ohio,Franklin,39049.0,10/23/20,31703
Ohio,Franklin,39049.0,10/24/20,31999
Ohio,Franklin,39049.0,10/25/20,32241
Ohio,Franklin,39049.0,10/26/20,32468
Ohio,Franklin,39049.0,10/27/20,32767
Ohio,Franklin,39049.0,10/28/20,33084
Ohio,Franklin,39049.0,10/29/20,33397
Ohio,Franklin,39049.0,10/30/20,33858
Ohio,Franklin,39049.0,10/31/20,34104
Ohio,Franklin,39049.0,11/1/20,34517
Ohio,Franklin,39049.0,11/2/20,34871
Ohio,Franklin,39049.0,11/3/20,35292
Ohio,Franklin,39049.0,11/4/20,35700
Ohio,Franklin,39049.0,11/5/20,36228
Ohio,Franklin,39049.0,11/6/20,36812
Ohio,Franklin,39049.0,11/7/20,37523
Ohio,Franklin,39049.0,11/8/20,38022
Ohio,Franklin,39049.0,11/9/20,38504
Ohio,Franklin,39049.0,11/10/20,39230
Ohio,Franklin,39049.0,11/11/20,39917
Ohio,Franklin,39049.0,11/12/20,40621
Ohio,Franklin,39049.0,11/13/20,41295
Ohio,Franklin,39049.0,11/14/20,42123
Ohio,Franklin,39049.0,11/15/20,42896
Ohio,Franklin,39049.0,11/16/20,43520
Ohio,Franklin,39049.0,11/17/20,44159
Ohio,Franklin,39049.0,11/18/20,44809
Ohio,Franklin,39049.0,11/19/20,45650
Ohio,Franklin,39049.0,11/20/20,46473
Ohio,Franklin,39049.0,11/21/20,47321
Ohio,Franklin,39049.0,11/22/20,48389
Ohio,Franklin,39049.0,11/23/20,49267
Ohio,Franklin,39049.0,11/24/20,50231
Ohio,Franklin,39049.0,11/25/20,51161
Ohio,Franklin,39049.0,11/26/20,51161
Ohio,Franklin,39049.0,11/27/20,52652
Ohio,Franklin,39049.0,11/28/20,53293
Ohio,Franklin,39049.0,11/29/20,53887
Ohio,Franklin,39049.0,11/30/20,54467
Ohio,Franklin,39049.0,12/1/20,55382
Ohio,Franklin,39049.0,12/2/20,56123
Ohio,Franklin,39049.0,12/3/20,57040
Ohio,Franklin,39049.0,12/4/20,58099
Ohio,Franklin,39049.0,12/5/20,59137
Ohio,Franklin,39049.0,12/6/20,60093
Ohio,Franklin,39049.0,12/7/20,60938
Ohio,Franklin,39049.0,12/8/20,64130
Ohio,Franklin,39049.0,12/9/20,65094
Ohio,Franklin,39049.0,12/10/20,66184
Ohio,Franklin,39049.0,12/11/20,67043
Ohio,Franklin,39049.0,12/12/20,68157
Ohio,Franklin,39049.0,12/13/20,69074
Ohio,Franklin,39049.0,12/14/20,69961
Ohio,Franklin,39049.0,12/15/20,70879
Ohio,Franklin,39049.0,12/16/20,71538
Ohio,Franklin,39049.0,12/17/20,72583
Ohio,Franklin,39049.0,12/18/20,73651
Ohio,Franklin,39049.0,12/19/20,74477
Ohio,Franklin,39049.0,12/20/20,75316
Ohio,Franklin,39049.0,12/21/20,76188
Ohio,Franklin,39049.0,12/22/20,77087
Ohio,Franklin,39049.0,12/23/20,77807
Ohio,Franklin,39049.0,12/24/20,78759
Ohio,Franklin,39049.0,12/25/20,78759
Ohio,Franklin,39049.0,12/26/20,79986
Ohio,Franklin,39049.0,12/27/20,80939
Ohio,Franklin,39049.0,12/28/20,81515
Ohio,Franklin,39049.0,12/29/20,82402
Ohio,Franklin,39049.0,12/30/20,83105
Ohio,Franklin,39049.0,12/31/20,84050
Ohio,Franklin,39049.0,1/1/21,84050
Ohio,Franklin,39049.0,1/2/21,85553
Ohio,Franklin,39049.0,1/3/21,86446
Ohio,Franklin,39049.0,1/4/21,87106
Ohio,Franklin,39049.0,1/5/21,87784
Ohio,Franklin,39049.0,1/6/21,88447
Ohio,Franklin,39049.0,1/7/21,89439
Ohio,Franklin,39049.0,1/8/21,90416
Ohio,Franklin,39049.0,1/9/21,91391
Ohio,Franklin,39049.0,1/10/21,92060
Ohio,Franklin,39049.0,1/11/21,93057
Ohio,Franklin,39049.0,1/12/21,93903
Ohio,Franklin,39049.0,1/13/21,94591
Ohio,Franklin,39049.0,1/14/21,95508
Ohio,Franklin,39049.0,1/15/21,96280
Ohio,Franklin,39049.0,1/16/21,96935
Ohio,Franklin,39049.0,1/17/21,97493
Ohio,Franklin,39049.0,1/18/21,97996
Ohio,Franklin,39049.0,1/19/21,98533
Ohio,Franklin,39049.0,1/20/21,99253
Ohio,Franklin,39049.0,1/21/21,100046
Ohio,Franklin,39049.0,1/22/21,100550
Ohio,Franklin,39049.0,1/23/21,101171
Ohio,Franklin,39049.0,1/24/21,101705
Ohio,Franklin,39049.0,1/25/21,102154
Ohio,Franklin,39049.0,1/26/21,102616
Ohio,Franklin,39049.0,1/27/21,103088
Ohio,Franklin,39049.0,1/28/21,103578
Ohio,Franklin,39049.0,1/29/21,104034
Ohio,Franklin,39049.0,1/30/21,104449
Ohio,Franklin,39049.0,1/31/21,104761
Ohio,Franklin,39049.0,2/1/21,105102
Ohio,Franklin,39049.0,2/2/21,105457
Ohio,Franklin,39049.0,2/3/21,105796
Ohio,Franklin,39049.0,2/4/21,106211
Ohio,Franklin,39049.0,2/5/21,106526
Ohio,Franklin,39049.0,2/6/21,106893
Ohio,Franklin,39049.0,2/7/21,107107
Ohio,Franklin,39049.0,2/8/21,107282
Ohio,Franklin,39049.0,2/9/21,107627
Ohio,Franklin,39049.0,2/10/21,107954
Ohio,Franklin,39049.0,2/11/21,108226
Ohio,Franklin,39049.0,2/12/21,108550
Ohio,Franklin,39049.0,2/13/21,108800
Ohio,Franklin,39049.0,2/14/21,108993
Ohio,Franklin,39049.0,2/15/21,109190
Ohio,Franklin,39049.0,2/16/21,109415
Ohio,Franklin,39049.0,2/17/21,109605
Ohio,Franklin,39049.0,2/18/21,109830
Ohio,Franklin,39049.0,2/19/21,110079
Ohio,Franklin,39049.0,2/20/21,110335
Ohio,Franklin,39049.0,2/21/21,110499
Ohio,Franklin,39049.0,2/22/21,110653
Ohio,Franklin,39049.0,2/23/21,110938
Ohio,Franklin,39049.0,2/24/21,111107
Ohio,Franklin,39049.0,2/25/21,111312
Ohio,Franklin,39049.0,2/26/21,111496
Ohio,Franklin,39049.0,2/27/21,111688
Ohio,Franklin,39049.0,2/28/21,111851
Ohio,Franklin,39049.0,3/1/21,111987
Ohio,Franklin,39049.0,3/2/21,112182
Ohio,Franklin,39049.0,3/3/21,112367
Ohio,Franklin,39049.0,3/4/21,112585
Ohio,Franklin,39049.0,3/5/21,112797
Ohio,Franklin,39049.0,3/6/21,112955
Ohio,Franklin,39049.0,3/7/21,113037
Ohio,Franklin,39049.0,3/8/21,113218
Ohio,Franklin,39049.0,3/9/21,113458
Ohio,Franklin,39049.0,3/10/21,113640
Ohio,Franklin,39049.0,3/11/21,113797
Ohio,Franklin,39049.0,3/12/21,113992
Ohio,Franklin,39049.0,3/13/21,114206
Ohio,Franklin,39049.0,3/14/21,114335
Ohio,Franklin,39049.0,3/15/21,114458
Ohio,Franklin,39049.0,3/16/21,114675
Ohio,Franklin,39049.0,3/17/21,114839
Ohio,Franklin,39049.0,3/18/21,115083
Ohio,Franklin,39049.0,3/19/21,115261
Ohio,Franklin,39049.0,3/20/21,115433
Ohio,Franklin,39049.0,3/21/21,115553
Ohio,Franklin,39049.0,3/22/21,115731
Ohio,Franklin,39049.0,3/23/21,115937
Ohio,Franklin,39049.0,3/24/21,116117
Ohio,Franklin,39049.0,3/25/21,116365
Ohio,Franklin,39049.0,3/26/21,116726
Ohio,Franklin,39049.0,3/27/21,116888
Ohio,Franklin,39049.0,3/28/21,117050
Ohio,Franklin,39049.0,3/29/21,117227
Ohio,Franklin,39049.0,3/30/21,117583
Ohio,Franklin,39049.0,3/31/21,117832
Ohio,Franklin,39049.0,4/1/21,118171
Ohio,Franklin,39049.0,4/2/21,118366
Ohio,Franklin,39049.0,4/3/21,118657
Ohio,Franklin,39049.0,4/4/21,118657
Ohio,Franklin,39049.0,4/5/21,119040
Ohio,Franklin,39049.0,4/6/21,119303
Ohio,Franklin,39049.0,4/7/21,119541
Ohio,Franklin,39049.0,4/8/21,119897
Ohio,Franklin,39049.0,4/9/21,120142
Ohio,Franklin,39049.0,4/10/21,120346
Ohio,Franklin,39049.0,4/11/21,120536
Ohio,Franklin,39049.0,4/12/21,120804
Ohio,Franklin,39049.0,4/13/21,121133
Ohio,Franklin,39049.0,4/14/21,121413
Ohio,Franklin,39049.0,4/15/21,121703
Ohio,Franklin,39049.0,4/16/21,121928
Ohio,Franklin,39049.0,4/17/21,122167
Ohio,Franklin,39049.0,4/18/21,122299
Ohio,Franklin,39049.0,4/19/21,122519
Ohio,Franklin,39049.0,4/20/21,122789
Ohio,Franklin,39049.0,4/21/21,122998
Ohio,Franklin,39049.0,4/22/21,123196
Ohio,Franklin,39049.0,4/23/21,123407
Ohio,Franklin,39049.0,4/24/21,123556
Ohio,Franklin,39049.0,4/25/21,123683
Ohio,Franklin,39049.0,4/26/21,123893
Ohio,Franklin,39049.0,4/27/21,124082
Ohio,Franklin,39049.0,4/28/21,124247
Ohio,Franklin,39049.0,4/29/21,124449
Ohio,Franklin,39049.0,4/30/21,124615
Ohio,Franklin,39049.0,5/1/21,124806
Ohio,Franklin,39049.0,5/2/21,124919
Ohio,Franklin,39049.0,5/3/21,125028
Ohio,Franklin,39049.0,5/4/21,125186
Ohio,Franklin,39049.0,5/5/21,125347
Ohio,Franklin,39049.0,5/6/21,125498
Ohio,Franklin,39049.0,5/7/21,125655
Ohio,Franklin,39049.0,5/8/21,125808
Ohio,Franklin,39049.0,5/9/21,125899
Ohio,Franklin,39049.0,5/10/21,125964
Ohio,Franklin,39049.0,5/11/21,126120
Ohio,Franklin,39049.0,5/12/21,126289
Ohio,Franklin,39049.0,5/13/21,126448
Ohio,Franklin,39049.0,5/14/21,126561
Ohio,Franklin,39049.0,5/15/21,126634
Ohio,Franklin,39049.0,5/16/21,126712
Ohio,Franklin,39049.0,5/17/21,126806
Ohio,Franklin,39049.0,5/18/21,126903
Ohio,Franklin,39049.0,5/19/21,126988
Ohio,Franklin,39049.0,5/20/21,127109
Ohio,Franklin,39049.0,5/21/21,127205
Ohio,Franklin,39049.0,5/22/21,127306
Ohio,Franklin,39049.0,5/23/21,127371
Ohio,Franklin,39049.0,5/24/21,127421
Ohio,Franklin,39049.0,5/25/21,127494
Ohio,Franklin,39049.0,5/26/21,127615
Ohio,Franklin,39049.0,5/27/21,127698
Ohio,Franklin,39049.0,5/28/21,127763
Ohio,Franklin,39049.0,5/29/21,127818
Ohio,Franklin,39049.0,5/30/21,127869
Ohio,Franklin,39049.0,5/31/21,127869
Ohio,Franklin,39049.0,6/1/21,127936
Ohio,Franklin,39049.0,6/2/21,127965
Ohio,Franklin,39049.0,6/3/21,128033
Ohio,Franklin,39049.0,6/4/21,128116
Ohio,Franklin,39049.0,6/5/21,128156
Ohio,Franklin,39049.0,6/6/21,128192
Ohio,Franklin,39049.0,6/7/21,128222
Ohio,Franklin,39049.0,6/8/21,128266
Ohio,Franklin,39049.0,6/9/21,128322
Ohio,Franklin,39049.0,6/10/21,128361
Ohio,Franklin,39049.0,6/11/21,128395
Ohio,Franklin,39049.0,6/12/21,128460
Ohio,Franklin,39049.0,6/13/21,128492
Ohio,Franklin,39049.0,6/14/21,128506
Ohio,Franklin,39049.0,6/15/21,128549
Ohio,Franklin,39049.0,6/16/21,128632
Ohio,Franklin,39049.0,6/17/21,128642
Ohio,Franklin,39049.0,6/18/21,128697
Ohio,Franklin,39049.0,6/19/21,128720
Ohio,Franklin,39049.0,6/20/21,128749
Ohio,Franklin,39049.0,6/21/21,128765
Ohio,Franklin,39049.0,6/22/21,128856
Ohio,Franklin,39049.0,6/23/21,128952
Ohio,Franklin,39049.0,6/24/21,129009
Ohio,Franklin,39049.0,6/25/21,129028
Ohio,Franklin,39049.0,6/26/21,129060
Ohio,Franklin,39049.0,6/27/21,129083
Ohio,Franklin,39049.0,6/28/21,129120
Ohio,Franklin,39049.0,6/29/21,129164
Ohio,Franklin,39049.0,6/30/21,129181
Ohio,Franklin,39049.0,7/1/21,129199
Ohio,Franklin,39049.0,7/2/21,129220
Ohio,Franklin,39049.0,7/3/21,129236
Ohio,Franklin,39049.0,7/4/21,129236
Ohio,Franklin,39049.0,7/5/21,129263
Ohio,Franklin,39049.0,7/6/21,129289
Ohio,Franklin,39049.0,7/7/21,129322
Ohio,Franklin,39049.0,7/8/21,129352
Ohio,Franklin,39049.0,7/9/21,129383
Ohio,Franklin,39049.0,7/10/21,129420
Ohio,Franklin,39049.0,7/11/21,129439
Ohio,Franklin,39049.0,7/12/21,129463
Ohio,Franklin,39049.0,7/13/21,129489
Ohio,Franklin,39049.0,7/14/21,129531
Ohio,Franklin,39049.0,7/15/21,129600
Ohio,Franklin,39049.0,7/16/21,129657
Ohio,Franklin,39049.0,7/17/21,129696
Ohio,Franklin,39049.0,7/18/21,129725
Ohio,Franklin,39049.0,7/19/21,129764
Ohio,Franklin,39049.0,7/20/21,129828
Ohio,Franklin,39049.0,7/21/21,129900
Ohio,Franklin,39049.0,7/22/21,129993
Ohio,Franklin,39049.0,7/23/21,130071
Ohio,Franklin,39049.0,7/24/21,130169
Ohio,Franklin,39049.0,7/25/21,130214
Ohio,Franklin,39049.0,7/26/21,130291
Ohio,Franklin,39049.0,7/27/21,130433
Ohio,Franklin,39049.0,7/28/21,130563
Ohio,Franklin,39049.0,7/29/21,130709
Ohio,Franklin,39049.0,7/30/21,130816
Ohio,Franklin,39049.0,7/31/21,130973
Ohio,Franklin,39049.0,8/1/21,131036
Ohio,Franklin,39049.0,8/2/21,131111
Ohio,Franklin,39049.0,8/3/21,131291
Ohio,Franklin,39049.0,8/4/21,131537
Ohio,Franklin,39049.0,8/5/21,131733
Ohio,Franklin,39049.0,8/6/21,131951
Ohio,Franklin,39049.0,8/7/21,132188
Ohio,Franklin,39049.0,8/8/21,132355
Ohio,Franklin,39049.0,8/9/21,132478
Ohio,Franklin,39049.0,8/10/21,132759
Ohio,Franklin,39049.0,8/11/21,133083
Ohio,Franklin,39049.0,8/12/21,133426
Ohio,Franklin,39049.0,8/13/21,133749
Ohio,Franklin,39049.0,8/14/21,133970
Ohio,Franklin,39049.0,8/15/21,134177
Ohio,Franklin,39049.0,8/16/21,134342
Ohio,Franklin,39049.0,8/17/21,134700
Ohio,Franklin,39049.0,8/18/21,135007
Ohio,Franklin,39049.0,8/19/21,135287
Ohio,Franklin,39049.0,8/20/21,135666
Ohio,Franklin,39049.0,8/21/21,135974
Ohio,Franklin,39049.0,8/22/21,136182
Ohio,Franklin,39049.0,8/23/21,136460
Ohio,Franklin,39049.0,8/24/21,136889
Ohio,Franklin,39049.0,8/25/21,137270
Ohio,Franklin,39049.0,8/26/21,137735
Ohio,Franklin,39049.0,8/27/21,138155
Ohio,Franklin,39049.0,8/28/21,138592
Ohio,Franklin,39049.0,8/29/21,138918
Ohio,Franklin,39049.0,8/30/21,139178
Ohio,Franklin,39049.0,8/31/21,139758
Ohio,Franklin,39049.0,9/1/21,140370
Ohio,Franklin,39049.0,9/2/21,140970
Ohio,Franklin,39049.0,9/3/21,141582
Ohio,Franklin,39049.0,9/4/21,142106
Ohio,Franklin,39049.0,9/5/21,142532
Ohio,Franklin,39049.0,9/6/21,142864
Ohio,Franklin,39049.0,9/7/21,143212
Ohio,Franklin,39049.0,9/8/21,143797
Ohio,Franklin,39049.0,9/9/21,144545
Ohio,Franklin,39049.0,9/10/21,145214
Ohio,Franklin,39049.0,9/11/21,145898
Ohio,Franklin,39049.0,9/12/21,146227
Ohio,Franklin,39049.0,9/13/21,146809
Ohio,Franklin,39049.0,9/14/21,147419
Ohio,Franklin,39049.0,9/15/21,148064
Ohio,Franklin,39049.0,9/16/21,148873
Ohio,Franklin,39049.0,9/17/21,149655
Ohio,Franklin,39049.0,9/18/21,150219
Ohio,Franklin,39049.0,9/19/21,150587
Ohio,Franklin,39049.0,9/20/21,151037
Ohio,Franklin,39049.0,9/21/21,151577
Ohio,Franklin,39049.0,9/22/21,152222
Ohio,Franklin,39049.0,9/23/21,152782
Ohio,Franklin,39049.0,9/24/21,153446
Ohio,Franklin,39049.0,9/25/21,153888
Ohio,Franklin,39049.0,9/26/21,154178
Ohio,Franklin,39049.0,9/27/21,154453
Ohio,Franklin,39049.0,9/28/21,155063
Ohio,Franklin,39049.0,9/29/21,155603
Ohio,Franklin,39049.0,9/30/21,156085
Ohio,Franklin,39049.0,10/1/21,156600
Ohio,Franklin,39049.0,10/2/21,157071
Ohio,Franklin,39049.0,10/3/21,157296
Ohio,Franklin,39049.0,10/4/21,157634
Ohio,Franklin,39049.0,10/5/21,158084
Ohio,Franklin,39049.0,10/6/21,158547
Ohio,Franklin,39049.0,10/7/21,159040
Ohio,Franklin,39049.0,10/8/21,159683
Ohio,Franklin,39049.0,10/9/21,159913
Ohio,Franklin,39049.0,10/10/21,160316
Ohio,Franklin,39049.0,10/11/21,160553
Ohio,Franklin,39049.0,10/12/21,160901
Ohio,Franklin,39049.0,10/13/21,161300
Ohio,Franklin,39049.0,10/14/21,161654
Ohio,Franklin,39049.0,10/15/21,162004
Ohio,Franklin,39049.0,10/16/21,162302
Ohio,Franklin,39049.0,10/17/21,162448
Ohio,Franklin,39049.0,10/18/21,162629
Ohio,Franklin,39049.0,10/19/21,162900
Ohio,Franklin,39049.0,10/20/21,163303
Ohio,Franklin,39049.0,10/21/21,163686
Ohio,Franklin,39049.0,10/22/21,164013
Ohio,Franklin,39049.0,10/23/21,164265
Ohio,Franklin,39049.0,10/24/21,164479
Ohio,Franklin,39049.0,10/25/21,164659
Ohio,Franklin,39049.0,10/26/21,164969
Ohio,Franklin,39049.0,10/27/21,165272
Ohio,Franklin,39049.0,10/28/21,165652
Ohio,Franklin,39049.0,10/29/21,165891
