"item","annual_2019_percent_change","annual_2020_percent_change","historical_average"
"All food","1.9","3.4","2.4"
"Food away from home","3.1","3.4","2.8"
"Food at home","0.9","3.5","2"
"Meats, poultry, and fish","1","6.3","2.9"
"Meats","1.3","7.4","3.2"
"Beef and veal","1.6","9.6","4.4000000000000004"
"Pork","1.2","6.3","2.2000000000000002"
"Other meats","0.9","4.4000000000000004","2.2000000000000002"
"Poultry","-0.3","5.6","2.1"
"Fish and seafood","1.6","3.3","2.5"
"Eggs","-10","4.3","3.1"
"Dairy products","1","4.4000000000000004","1.8"
"Fats and oils","-0.7","1.3","2.2000000000000002"
"Fruits and vegetables","1","1.4","2"
"Fresh fruits and vegetables","1","0.8","1.9"
"Fresh fruits","-1.4","-0.8","1.4"
"Fresh vegetables","3.8","2.6","2.5"
"Processed fruits and vegetables","1.1000000000000001","3.5","2.1"
"Sugar and sweets","2","3.3","1.9"
"Cereals and bakery products","1.4","2.2000000000000002","2.1"
"Nonalcoholic beverages","1.9","3.6","1.3"
"Other foods","0.3","3.1","1.5"
